nom,code,latitude,longitude,precipitations_annuelles,precipitations_ete,precipitation_max_1jour,indice_humidite_sol,Volume
Ain,01,45.6827,5.5719,0.42047360095378217,0.39291719645484535,0.1996899224598887,0.17490017162718086,0.431185366678669
Aisne,02,48.8898,3.4814,0.16298103837717548,0.24963150368189846,0.06575193073308983,0.32191951301033295,0.8844057681073936
Allier,03,46.0098,3.6278,0.18303298251075906,0.2836464692729146,0.1316079970153683,0.3428369521937361,0.9124232581070238
Alpes-Maritimes,06,43.545,6.9355,0.2854328658973867,0.25861428740468995,0.422823448953056,0.32397282685667683,0.7791338560665155
Alpes-de-Haute-Provence,04,43.7327,5.759,0.21564579022856945,0.30209646282085656,0.2447987182756156,0.3579173663790608,0.8861756340298823
Ardennes,08,49.3075,4.4801,0.2533143618253758,0.29288273520241437,0.07230519858778883,0.21100025715792547,0.9655877936573117
Ardèche,07,44.3481,4.0911,0.3575773237094979,0.3161508065575638,0.43578398492580606,0.2786324943803663,0.9549486428759673
Ariège,09,42.4897,1.5116,0.35227576549899386,0.3543448944602492,0.23576199679700927,0.2427764133622642,0.9231903279727534
Aube,10,47.9485,3.9965,0.15544552509203446,0.25669672757032547,0.05632578328598836,0.26756628354494383,0.9201595394734458
Aude,11,42.7084,2.1905,0.14033705345544278,0.1444767127537243,0.2140078179514635,0.44875462906482066,0.889162453053119
Aveyron,12,43.7129,2.981,0.24267300787022772,0.23029814302674412,0.13686865301159268,0.38322148658589683,0.9571904167644331
Bas-Rhin,67,48.1323,7.5522,0.19934393233861336,0.30347700069397343,0.0625873925661502,0.24337251722740172,0.6772668724322934
Bouches-du-Rhône,13,43.167,5.4305,0.04974997203004561,0.0684030432484306,0.19385248026596946,0.7179984123767059,0.0
Calvados,14,48.7771,-0.9827,0.18745146447838978,0.23012413071068805,0.06447993585613143,0.3866148955688776,0.920397126429736
Cantal,15,44.6498,2.1854,0.3499613907732745,0.29852148128654055,0.17103556214016513,0.27579878572987615,0.9837422457182652
Charente,16,45.2717,-0.059,0.16721530270535656,0.1447147624112527,0.09903500809363042,0.49641352813662076,0.9160648695787429
Charente-Maritime,17,45.1233,-0.256,0.14920594015245592,0.12411628607310332,0.08146592917673423,0.4784998039697782,0.859280367624955
Cher,18,46.449,2.1803,0.16579138969348373,0.2566703417171058,0.11186606648283492,0.2839481151195784,0.9274146948888302
Corrèze,19,44.9363,1.7794,0.35727201637626904,0.30528861064306223,0.18362931259035953,0.26732011487809293,0.975154608249378
Corse-du-Sud,2A,41.3373,9.1495,0.17935486662953404,0.07612110926281201,0.20337085584583225,0.5493076511182173,0.9654899332198624
Creuse,23,45.7284,1.8741,0.2714552494746213,0.2977568271667642,0.13457252133253617,0.2998669392502775,0.9953804421752315
Côte-d'Or,21,46.9285,4.7007,0.24557224111614762,0.29780658721464137,0.09746343954761816,0.20315219723884692,0.9381525247260938
Côtes-d'Armor,22,48.0698,-2.6578,0.21130963770855915,0.16944409414691664,0.057935847590457556,0.44219469353185636,0.9182354037633648
Deux-Sèvres,79,45.9911,-0.0904,0.15060614887070278,0.14801462770080553,0.09814766951993081,0.5001815633022565,0.9284996159158679
Dordogne,24,44.6402,0.8752,0.20350342204049565,0.1868929466038789,0.11229111151612658,0.3960078592982931,0.8820083401702424
Doubs,25,46.6013,6.1495,0.5171668186553235,0.5483550269744764,0.17106394623774623,0.06501912197529125,0.9370879895728927
Drôme,26,44.1757,5.3857,0.2667014344574732,0.28147788169510424,0.24998619825516377,0.28251746584324844,0.7800791258989813
Essonne,91,48.3197,2.0669,0.0832431589349264,0.23448349399585733,0.031626402540704035,0.4209701391703824,0.8551549867467233
Eure,27,48.7424,0.8687,0.1275151482853285,0.19883095807551,0.04003860459473363,0.3908108774959905,0.9144771206839439
Eure-et-Loir,28,48.0268,1.2104,0.07502944858391403,0.17430986121341874,0.021248119544694966,0.42152198493802406,0.7590962375917089
Finistère,29,47.7377,-3.5888,0.300148449553034,0.18811209594481948,0.06992793839811118,0.34005176015715133,0.8926024896751532
Gard,30,43.4836,4.1634,0.21450376493000756,0.20253240720382248,0.30260707697261413,0.43535088702791747,0.6285904339605373
Gers,32,43.3381,0.4159,0.11549266720351259,0.1789192609928706,0.08886900369640305,0.37395979875533514,0.8426144353935971
Gironde,33,44.258,-0.3164,0.1707335400469523,0.1440889197130456,0.08040841836115642,0.4055333875362883,0.6312895839159298
Haut-Rhin,68,47.428,7.1644,0.30748394001037227,0.39688692491021593,0.12540398985645695,0.15455259424402112,0.4900975632050417
Haute-Corse,2B,41.9028,9.3118,0.180466796099092,0.11924163105899277,0.3646225135251575,0.4902692553196446,0.9143823570687959
Haute-Garonne,31,42.6932,0.5346,0.14484095196455493,0.21806329510672284,0.12463868885206142,0.37381123133048544,0.7359364366975711
Haute-Loire,43,44.7841,3.8016,0.1670220526351348,0.3270131867773771,0.13277367194006628,0.27161650671987114,0.9583869640943679
Haute-Marne,52,47.6357,5.2647,0.2779066104074578,0.3029704007932823,0.0857458941232836,0.18611890547459475,0.9869853463286097
Haute-Savoie,74,45.7351,6.1923,0.582879515561542,0.6557907229468001,0.2761969912838198,0.07431113960087121,0.8878690472406329
Haute-Saône,70,47.3396,5.5663,0.3776365269498828,0.3871024852396858,0.12360088268169434,0.13150661907916206,0.9749432582992855
Haute-Vienne,87,45.5072,1.1594,0.27277354363673034,0.2303865468276346,0.14951117857195484,0.355520456229121,0.9327037092339052
Hautes-Alpes,05,44.2388,5.6896,0.3045220483272736,0.3366548141822219,0.2387601070381945,0.2566386945984873,0.8689944468476044
Hautes-Pyrénées,65,42.6817,-0.0495,0.39231211793706044,0.35209334076566867,0.24344446247334706,0.2393253280971157,0.8831916901197779
Hauts-de-Seine,92,48.7515,2.2821,0.07968234949822184,0.23384144888935288,0.05711179265441557,0.4500202675314148,0.9432926016733306
Hérault,34,43.2075,3.2701,0.17565563224026737,0.1501791939984808,0.3327315456733403,0.4610253403174328,0.7857132831502968
Ille-et-Vilaine,35,47.6604,-2.0858,0.16392933084780503,0.19488138920686116,0.04719152445702879,0.48127391661677266,0.9232887625801016
Indre,36,46.4438,1.2432,0.14991950715562374,0.22175799361282345,0.11377635244248285,0.3755438454262937,0.9693292410520233
Indre-et-Loire,37,46.7988,0.8168,0.10024350466879972,0.1734971374245191,0.056642555381641646,0.4773622341219893,0.9120206939472542
Isère,38,44.7419,5.7197,0.4039327721103879,0.4054096995710167,0.2184829894181748,0.1616850624970928,0.5357167501984859
Jura,39,46.3357,5.4028,0.5519474847329933,0.4963517083131326,0.21383141858769705,0.10255370895824889,0.9089811635691143
Landes,40,43.5074,-1.369,0.24552114262424918,0.19991054276069598,0.10054692275493238,0.282562033608736,0.5850701804598654
Loir-et-Cher,41,47.2364,1.3327,0.09898392095849184,0.18364543006723977,0.0616621293430516,0.42435441951405617,0.8879056022504594
Loire,42,45.2779,4.4264,0.2156500275039973,0.3524142896594852,0.13807063245208995,0.23860411983638574,0.9090926605416628
Loire-Atlantique,44,46.8852,-1.6016,0.16580488767899138,0.16630802784818832,0.07941489878128383,0.5303488810924899,0.8340096794186893
Loiret,45,47.528,2.7084,0.10428860453409117,0.21835927860905235,0.0598971331167808,0.40726718903113335,0.7011503448445937
Lot,46,44.286,1.3852,0.21224878250324575,0.2336862690826924,0.1233785414414641,0.3559394260650848,0.9627383021460114
Lot-et-Garonne,47,44.0512,0.0924,0.12350338001021666,0.19253467375681566,0.07653641792590804,0.42247791327450057,0.843784919105274
Lozère,48,44.1403,3.4853,0.2644148703669399,0.2843089499140077,0.21476155760577187,0.30165996025586517,0.9964291407561959
Maine-et-Loire,49,46.98,-0.8717,0.09939844888900273,0.156872205601999,0.05915798919464843,0.5646675243650976,0.8397016786024698
Manche,50,48.4768,-1.3967,0.2646376294431244,0.24560241479846556,0.08649302727759545,0.38611941782472037,0.9404439870502176
Marne,51,48.5267,3.7983,0.15794103149291816,0.25372397505325817,0.051058008961048396,0.27542951576190333,0.90963414681393
Mayenne,53,47.7739,-0.813,0.1833927016602842,0.20747629258899436,0.06268148084431557,0.4816932912029146,0.967464925602376
Meurthe-et-Moselle,54,48.4084,5.9567,0.21871157697407673,0.29296041780574855,0.08640584819362285,0.2042490283506998,0.8409588932355603
Meuse,55,48.4955,5.4212,0.2788892633590524,0.31169267389413513,0.09854499300122521,0.1843957257069918,0.9687344394094892
Morbihan,56,47.2562,-3.1114,0.24410568050327786,0.16415344978463797,0.0884872527270546,0.4520290789237609,0.8999710265910217
Moselle,57,48.5857,7.0545,0.22281790782738198,0.30481665373466926,0.09003269439801675,0.22557204642566286,0.894613310827844
Nièvre,58,46.7343,3.1216,0.2390461531649578,0.2764070960645276,0.0755597435263794,0.28998248579360764,0.9611676944966352
Nord,59,50.0422,3.1728,0.14755881619917632,0.26264302997668165,0.055155652410762035,0.2721985251187232,0.7276849216984186
Oise,60,49.1108,2.5007,0.1313687345968103,0.2093952809757078,0.045709259081959774,0.38411284271533175,0.8299927853846747
Orne,61,48.2377,0.7751,0.1805972803550543,0.21697084831261726,0.057397024474198366,0.42961936268420575,0.9711379558215091
Paris,75,48.8953,2.391,0.09270097170101965,0.25152740942740026,0.05518615349807676,0.2748277259829752,0.8825826337146544
Pas-de-Calais,62,50.1168,2.3923,0.1987141480129352,0.26463693113591824,0.062862560976498,0.23744454841288187,0.7388418159739825
Puy-de-Dôme,63,45.2955,2.9993,0.2747316399983025,0.35894761117406027,0.16989532819232767,0.20753293061913192,0.8780160615388248
Pyrénées-Atlantiques,64,42.8106,-0.6407,0.4664703382806733,0.3538391521534803,0.23138691454107474,0.21548558620854097,0.8485220680623101
Pyrénées-Orientales,66,42.3488,1.9977,0.1670745828397061,0.22050364933170707,0.3795248473425432,0.5133518542319595,0.7536374139202426
Rhône,69,45.4875,4.7414,0.22134865982015783,0.3135418580891256,0.13290587357897488,0.23740829935541308,0.6097425623132735
Sarthe,72,47.5839,0.3688,0.12344401697190721,0.1709733096278282,0.0586885217594888,0.4977582881920134,0.8643188435031239
Savoie,73,45.0773,6.4518,0.46414265363195806,0.4916074000390632,0.2776653510646322,0.09534952279176045,0.9029201806373748
Saône-et-Loire,71,46.2218,3.9439,0.2662523063662988,0.29568180626198837,0.1354941474440401,0.28113450487612957,0.9347333245022971
Seine-Maritime,76,49.3187,0.9622,0.22970531982492026,0.24206382648934466,0.08555497333778295,0.25399121616344933,0.5756938509954016
Seine-Saint-Denis,93,48.8952,2.5001,0.09177644758981662,0.23733775883152342,0.05122677794816355,0.42906364004864206,0.8133174745712303
Seine-et-Marne,77,48.1758,2.6054,0.11595896592706334,0.23941700772339847,0.04897353577440078,0.39114156325867033,0.7349194084186548
Somme,80,49.6137,2.6129,0.1457125698871985,0.21392192939692478,0.041646703428599996,0.3272093596254879,0.839227350311399
Tarn,81,43.4269,2.09,0.176119872287834,0.2010882265064905,0.1133123960971324,0.4177843182178672,0.8924086462221271
Tarn-et-Garonne,82,43.849,0.8956,0.11078923958089182,0.17623363351194754,0.11310168767184459,0.4431512919692483,0.873989574319618
Territoire de Belfort,90,47.4367,6.9527,0.47442078144821187,0.47284446194330754,0.15835959585802473,0.08836643696797719,1.0
Val-d'Oise,95,48.9672,2.2819,0.10377999143411021,0.19954924723514245,0.049201618353166054,0.45842771644531344,0.86980387291411
Val-de-Marne,94,48.7515,2.3909,0.08672725078219423,0.2516606961765421,0.04959589230498518,0.4167004458856911,0.585982328932197
Var,83,43.0014,6.1077,0.13550186545599185,0.0913503965674366,0.2698649524604749,0.5435600392470329,0.6194856996491734
Vaucluse,84,43.6669,5.5568,0.1447774929327218,0.1699917406992716,0.22759176467526943,0.44656838691784184,0.7855375743703155
Vendée,85,46.2485,-1.244,0.1574253046767814,0.1493358213914321,0.09623194861008777,0.4995652008217878,0.8269376515131681
Vienne,86,46.0712,0.3198,0.1045001640578711,0.15461135935916304,0.08234336452016655,0.5241220811965654,0.8918030234666962
Vosges,88,47.876,6.7769,0.40516889072035145,0.3622815219339437,0.13282755430273996,0.14244990394952506,0.9360965772302586
Yonne,89,47.3745,3.8727,0.16719106577987264,0.2714126389792587,0.06254292360248359,0.25442053594846936,0.8984297200822542
Yvelines,78,48.4628,1.8499,0.09019595379626844,0.2006621610073681,0.027629563058118367,0.4211480430572445,0.843127717701399
